{
  "project_info": {
    "project_number": "130592778313",
    "firebase_url": "https://mydiary-2776c.firebaseio.com",
    "project_id": "mydiary-2776c",
    "storage_bucket": "mydiary-2776c.appspot.com"
  },
  "client": [
    {
      "client_info": {
        "mobilesdk_app_id": "1:130592778313:android:233f8c15094d7bb56db798",
        "android_client_info": {
          "package_name": "se.kth.mydiary1"
        }
      },
      "oauth_client": [
        {
          "client_id": "130592778313-aacou8mklr5glo1kvscqvtahmo6dfs68.apps.googleusercontent.com",
          "client_type": 1,
          "android_info": {
            "package_name": "se.kth.mydiary1",
            "certificate_hash": "719602eeab82ae4e6cf96f9514d99fa968988598"
          }
        },
        {
          "client_id": "130592778313-e8cqggpukfqvu4cfboau6ubha4uqpv06.apps.googleusercontent.com",
          "client_type": 3
        }
      ],
      "api_key": [
        {
          "current_key": "AIzaSyCbpwHPotzbzQGAUa9qhjioF2i9dF6uXtE"
        }
      ],
      "services": {
        "appinvite_service": {
          "other_platform_oauth_client": [
            {
              "client_id": "130592778313-e8cqggpukfqvu4cfboau6ubha4uqpv06.apps.googleusercontent.com",
              "client_type": 3
            }
          ]
        }
      }
    }
  ],
  "configuration_version": "1"
}